{
  "optimalVoltage": 12,
  "wheelGripCoefficientOfFriction": 1.19,
  "currentLimit": {
    "drive": 30,
    "angle": 20
  },
  "conversionFactor": {
    "angle": 26.923076923076923076923076923077,
    "drive": 0.057928459819369
  },
  "rampRate": {
    "drive": 0.25,
    "angle": 0.25
  }
}